[
    {
        "country": "Afghanistan",
        "capital": "Kabul",
        "continent": "Asia"
    },
    {
        "country": "Albania",
        "capital": "Tirana",
        "continent": "Europe"
    },
    {
        "country": "Algeria",
        "capital": "Algiers",
        "continent": "Africa"
    },
    {
        "country": "American Samoa",
        "capital": "Pago Pago",
        "continent": "Oceania"
    },
    {
        "country": "Andorra",
        "capital": "Andorra la Vella",
        "continent": "Europe"
    },
    {
        "country": "Angola",
        "capital": "Luanda",
        "continent": "Africa"
    },
    {
        "country": "Anguilla",
        "capital": "The Valley",
        "continent": "North America"
    },
    {
        "country": "Antigua and Barbuda",
        "capital": "St. John's",
        "continent": "North America"
    },
    {
        "country": "Argentina",
        "capital": "Buenos Aires",
        "continent": "South America"
    },
    {
        "country": "Armenia",
        "capital": "Yerevan",
        "continent": "Asia"
    },
    {
        "country": "Aruba",
        "capital": "Oranjestad",
        "continent": "North America"
    },
    {
        "country": "Australia",
        "capital": "Canberra",
        "continent": "Oceania"
    },
    {
        "country": "Austria",
        "capital": "Vienna",
        "continent": "Europe"
    },
    {
        "country": "Azerbaijan",
        "capital": "Baku",
        "continent": "Asia"
    },
    {
        "country": "Bahamas",
        "capital": "Nassau",
        "continent": "North America"
    },
    {
        "country": "Bahrain",
        "capital": "Manama",
        "continent": "Asia"
    },
    {
        "country": "Bangladesh",
        "capital": "Dhaka",
        "continent": "Asia"
    },
    {
        "country": "Barbados",
        "capital": "Bridgetown",
        "continent": "North America"
    },
    {
        "country": "Belarus",
        "capital": "Minsk",
        "continent": "Europe"
    },
    {
        "country": "Belgium",
        "capital": "Brussels",
        "continent": "Europe"
    },
    {
        "country": "Belize",
        "capital": "Belmopan",
        "continent": "North America"
    },
    {
        "country": "Benin",
        "capital": "Porto-Novo",
        "continent": "Africa"
    },
    {
        "country": "Bermuda",
        "capital": "Hamilton",
        "continent": "North America"
    },
    {
        "country": "Bhutan",
        "capital": "Thimphu",
        "continent": "Asia"
    },
    {
        "country": "Bolivia",
        "capital": "Sucre",
        "continent": "South America"
    },
    {
        "country": "Bolivia",
        "capital": "La Paz",
        "continent": "South America"
    },
    {
        "country": "Bosnia and Herzegovina",
        "capital": "Sarajevo",
        "continent": "Europe"
    },
    {
        "country": "Botswana",
        "capital": "Gaborone",
        "continent": "Africa"
    },
    {
        "country": "Brazil",
        "capital": "Brasilia",
        "continent": "South America"
    },
    {
        "country": "British Virgin Islands",
        "capital": "Road Town",
        "continent": "North America"
    },
    {
        "country": "Brunei",
        "capital": "Bandar Seri Begawan",
        "continent": "Asia"
    },
    {
        "country": "Bulgaria",
        "capital": "Sofia",
        "continent": "Europe"
    },
    {
        "country": "Burkina Faso",
        "capital": "Ouagadougou",
        "continent": "Africa"
    },
    {
        "country": "Burundi",
        "capital": "Bujumbura",
        "continent": "Africa"
    },
    {
        "country": "Cambodia",
        "capital": "Phnom Penh",
        "continent": "Asia"
    },
    {
        "country": "Cameroon",
        "capital": "Yaounde",
        "continent": "Africa"
    },
    {
        "country": "Canada",
        "capital": "Ottawa",
        "continent": "North America"
    },
    {
        "country": "Cape Verde",
        "capital": "Praia",
        "continent": "Africa"
    },
    {
        "country": "Cayman Islands",
        "capital": "George Town",
        "continent": "North America"
    },
    {
        "country": "Central African Republic",
        "capital": "Bangui",
        "continent": "Africa"
    },
    {
        "country": "Chad",
        "capital": "N'Djamena",
        "continent": "Africa"
    },
    {
        "country": "Chile",
        "capital": "Santiago",
        "continent": "South America"
    },
    {
        "country": "China",
        "capital": "Beijing",
        "continent": "Asia"
    },
    {
        "country": "Christmas Island",
        "capital": "Flying Fish Cove",
        "continent": "Oceania"
    },
    {
        "country": "Cocos (Keeling) Islands",
        "capital": "West Island",
        "continent": "Oceania"
    },
    {
        "country": "Colombia",
        "capital": "Bogota",
        "continent": "South America"
    },
    {
        "country": "Comoros",
        "capital": "Moroni",
        "continent": "Africa"
    },
    {
        "country": "Cook Islands",
        "capital": "Avarua",
        "continent": "Oceania"
    },
    {
        "country": "Costa Rica",
        "capital": "San Jose",
        "continent": "North America"
    },
    {
        "country": "Croatia",
        "capital": "Zagreb",
        "continent": "Europe"
    },
    {
        "country": "Cuba",
        "capital": "Havana",
        "continent": "North America"
    },
    {
        "country": "Cyprus",
        "capital": "Nicosia",
        "continent": "Asia"
    },
    {
        "country": "Czech Republic",
        "capital": "Prague",
        "continent": "Europe"
    },
    {
        "country": "Denmark",
        "capital": "Copenhagen",
        "continent": "Europe"
    },
    {
        "country": "Djibouti",
        "capital": "Djibouti",
        "continent": "Africa"
    },
    {
        "country": "Dominica",
        "capital": "Roseau",
        "continent": "North America"
    },
    {
        "country": "Dominican Republic",
        "capital": "Santo Domingo",
        "continent": "North America"
    },
    {
        "country": "Ecuador",
        "capital": "Quito",
        "continent": "South America"
    },
    {
        "country": "Egypt",
        "capital": "Cairo",
        "continent": "Africa"
    },
    {
        "country": "El Salvador",
        "capital": "San Salvador",
        "continent": "North America"
    },
    {
        "country": "Equatorial Guinea",
        "capital": "Malabo",
        "continent": "Africa"
    },
    {
        "country": "Eritrea",
        "capital": "Asmara",
        "continent": "Africa"
    },
    {
        "country": "Estonia",
        "capital": "Tallinn",
        "continent": "Europe"
    },
    {
        "country": "Ethiopia",
        "capital": "Addis Ababa",
        "continent": "Africa"
    },
    {
        "country": "Falkland Islands",
        "capital": "Stanley",
        "continent": "South America"
    },
    {
        "country": "Faroe Islands",
        "capital": "Tórshavn",
        "continent": "Europe"
    },
    {
        "country": "Federated States of Micronesia",
        "capital": "Palikir",
        "continent": "Oceania"
    },
    {
        "country": "Finland",
        "capital": "Helsinki",
        "continent": "Europe"
    },
    {
        "country": "France",
        "capital": "Paris",
        "continent": "Europe"
    },
    {
        "country": "French Guiana",
        "capital": "Cayenne",
        "continent": "South America"
    },
    {
        "country": "French Polynesia",
        "capital": "Papeete",
        "continent": "Oceania"
    },
    {
        "country": "Gabon",
        "capital": "Libreville",
        "continent": "Africa"
    },
    {
        "country": "Gambia",
        "capital": "Banjul",
        "continent": "Africa"
    },
    {
        "country": "Georgia",
        "capital": "Tbilisi",
        "continent": "Asia"
    },
    {
        "country": "Germany",
        "capital": "Berlin",
        "continent": "Europe"
    },
    {
        "country": "Ghana",
        "capital": "Accra",
        "continent": "Africa"
    },
    {
        "country": "Gibraltar",
        "capital": "Gibraltar",
        "continent": "Europe"
    },
    {
        "country": "Greece",
        "capital": "Athens",
        "continent": "Europe"
    },
    {
        "country": "Greenland",
        "capital": "Nuuk",
        "continent": "North America"
    },
    {
        "country": "Grenada",
        "capital": "St. George's",
        "continent": "North America"
    },
    {
        "country": "Guatemala",
        "capital": "Guatemala City",
        "continent": "North America"
    },
    {
        "country": "Guinea",
        "capital": "Conakry",
        "continent": "Africa"
    },
    {
        "country": "Guinea-Bissau",
        "capital": "Bissau",
        "continent": "Africa"
    },
    {
        "country": "Guyana",
        "capital": "Georgetown",
        "continent": "South America"
    },
    {
        "country": "Haiti",
        "capital": "Port-au-Prince",
        "continent": "North America"
    },
    {
        "country": "Honduras",
        "capital": "Tegucigalpa",
        "continent": "North America"
    },
    {
        "country": "Hungary",
        "capital": "Budapest",
        "continent": "Europe"
    },
    {
        "country": "Iceland",
        "capital": "Reykjavik",
        "continent": "Europe"
    },
    {
        "country": "India",
        "capital": "New Delhi",
        "continent": "Asia"
    },
    {
        "country": "Indonesia",
        "capital": "Jakarta",
        "continent": "Asia"
    },
    {
        "country": "Iran",
        "capital": "Tehran",
        "continent": "Asia"
    },
    {
        "country": "Iraq",
        "capital": "Baghdad",
        "continent": "Asia"
    },
    {
        "country": "Ireland",
        "capital": "Dublin",
        "continent": "Europe"
    },
    {
        "country": "Israel",
        "capital": "Jerusalem",
        "continent": "Asia"
    },
    {
        "country": "Italy",
        "capital": "Rome",
        "continent": "Europe"
    },
    {
        "country": "Jamaica",
        "capital": "Kingston",
        "continent": "North America"
    },
    {
        "country": "Japan",
        "capital": "Tokyo",
        "continent": "Asia"
    },
    {
        "country": "Jordan",
        "capital": "Amman",
        "continent": "Asia"
    },
    {
        "country": "Kazakhstan",
        "capital": "Astana",
        "continent": "Asia"
    },
    {
        "country": "Kenya",
        "capital": "Nairobi",
        "continent": "Africa"
    },
    {
        "country": "Kiribati",
        "capital": "Tarawa",
        "continent": "Oceania"
    },
    {
        "country": "Kuwait",
        "capital": "Kuwait City",
        "continent": "Asia"
    },
    {
        "country": "Kyrgyzstan",
        "capital": "Bishkek",
        "continent": "Asia"
    },
    {
        "country": "Laos",
        "capital": "Vientiane",
        "continent": "Asia"
    },
    {
        "country": "Latvia",
        "capital": "Riga",
        "continent": "Europe"
    },
    {
        "country": "Lebanon",
        "capital": "Beirut",
        "continent": "Asia"
    },
    {
        "country": "Lesotho",
        "capital": "Maseru",
        "continent": "Africa"
    },
    {
        "country": "Liberia",
        "capital": "Monrovia",
        "continent": "Africa"
    },
    {
        "country": "Liechtenstein",
        "capital": "Vaduz",
        "continent": "Europe"
    },
    {
        "country": "Lithuania",
        "capital": "Vilnius",
        "continent": "Europe"
    },
    {
        "country": "Luxembourg",
        "capital": "Luxembourg",
        "continent": "Europe"
    },
    {
        "country": "Macedonia",
        "capital": "Skopje",
        "continent": "Europe"
    },
    {
        "country": "Madagascar",
        "capital": "Antananarivo",
        "continent": "Africa"
    },
    {
        "country": "Malawi",
        "capital": "Lilongwe",
        "continent": "Africa"
    },
    {
        "country": "Malaysia",
        "capital": "Kuala Lumpur",
        "continent": "Asia"
    },
    {
        "country": "Maldives",
        "capital": "Male",
        "continent": "Asia"
    },
    {
        "country": "Mali",
        "capital": "Bamako",
        "continent": "Africa"
    },
    {
        "country": "Malta",
        "capital": "Valletta",
        "continent": "Europe"
    },
    {
        "country": "Marshall Islands",
        "capital": "Majuro",
        "continent": "Oceania"
    },
    {
        "country": "Mauritania",
        "capital": "Nouakchott",
        "continent": "Africa"
    },
    {
        "country": "Mauritius",
        "capital": "Port Louis",
        "continent": "Africa"
    },
    {
        "country": "Mexico",
        "capital": "Mexico City",
        "continent": "North America"
    },
    {
        "country": "Moldova",
        "capital": "Chisinau",
        "continent": "Europe"
    },
    {
        "country": "Monaco",
        "capital": "Monaco",
        "continent": "Europe"
    },
    {
        "country": "Mongolia",
        "capital": "Ulaanbaatar",
        "continent": "Asia"
    },
    {
        "country": "Montserrat",
        "capital": "Plymouth",
        "continent": "North America"
    },
    {
        "country": "Morocco",
        "capital": "Rabat",
        "continent": "Africa"
    },
    {
        "country": "Mozambique",
        "capital": "Maputo",
        "continent": "Africa"
    },
    {
        "country": "Myanmar",
        "capital": "Naypyidaw",
        "continent": "Asia"
    },
    {
        "country": "Namibia",
        "capital": "Windhoek",
        "continent": "Africa"
    },
    {
        "country": "Nauru",
        "capital": "Yaren",
        "continent": "Oceania"
    },
    {
        "country": "Nepal",
        "capital": "Kathmandu",
        "continent": "Asia"
    },
    {
        "country": "Netherlands",
        "capital": "Amsterdam",
        "continent": "Europe"
    },
    {
        "country": "New Caledonia",
        "capital": "Noumea",
        "continent": "Oceania"
    },
    {
        "country": "New Zealand",
        "capital": "Wellington",
        "continent": "Oceania"
    },
    {
        "country": "Nicaragua",
        "capital": "Managua",
        "continent": "North America"
    },
    {
        "country": "Niger",
        "capital": "Niamey",
        "continent": "Africa"
    },
    {
        "country": "Nigeria",
        "capital": "Abuja",
        "continent": "Africa"
    },
    {
        "country": "Niue",
        "capital": "Alofi",
        "continent": "Oceania"
    },
    {
        "country": "Norfolk Island",
        "capital": "Kingston",
        "continent": "Oceania"
    },
    {
        "country": "North Korea",
        "capital": "Pyongyang",
        "continent": "Asia"
    },
    {
        "country": "Northern Mariana Islands",
        "capital": "Saipan",
        "continent": "Oceania"
    },
    {
        "country": "Norway",
        "capital": "Oslo",
        "continent": "Europe"
    },
    {
        "country": "Oman",
        "capital": "Muscat",
        "continent": "Asia"
    },
    {
        "country": "Pakistan",
        "capital": "Islamabad",
        "continent": "Asia"
    },
    {
        "country": "Palau",
        "capital": "Ngerulmud",
        "continent": "Oceania"
    },
    {
        "country": "Palestine",
        "capital": "Jerusalem",
        "continent": "Asia"
    },
    {
        "country": "Panama",
        "capital": "Panama City",
        "continent": "North America"
    },
    {
        "country": "Papua New Guinea",
        "capital": "Port Moresby",
        "continent": "Oceania"
    },
    {
        "country": "Paraguay",
        "capital": "Asunción",
        "continent": "South America"
    },
    {
        "country": "Peru",
        "capital": "Lima",
        "continent": "South America"
    },
    {
        "country": "Philippines",
        "capital": "Manila",
        "continent": "Asia"
    },
    {
        "country": "Poland",
        "capital": "Warsaw",
        "continent": "Europe"
    },
    {
        "country": "Portugal",
        "capital": "Lisbon",
        "continent": "Europe"
    },
    {
        "country": "Puerto Rico",
        "capital": "San Juan",
        "continent": "North America"
    },
    {
        "country": "Qatar",
        "capital": "Doha",
        "continent": "Asia"
    },
    {
        "country": "Romania",
        "capital": "Bucharest",
        "continent": "Europe"
    },
    {
        "country": "Rwanda",
        "capital": "Kigali",
        "continent": "Africa"
    },
    {
        "country": "Saint Helena",
        "capital": "Jamestown",
        "continent": "Africa"
    },
    {
        "country": "Saint Kitts and Nevis",
        "capital": "Basseterre",
        "continent": "North America"
    },
    {
        "country": "Saint Lucia",
        "capital": "Castries",
        "continent": "North America"
    },
    {
        "country": "Saint Pierre and Miquelon",
        "capital": "St. Pierre",
        "continent": "North America"
    },
    {
        "country": "Saint Vincent and the Grenadines",
        "capital": "Kingstown",
        "continent": "North America"
    },
    {
        "country": "Samoa",
        "capital": "Apia",
        "continent": "Oceania"
    },
    {
        "country": "San Marino",
        "capital": "San Marino",
        "continent": "Europe"
    },
    {
        "country": "Saudi Arabia",
        "capital": "Riyadh",
        "continent": "Asia"
    },
    {
        "country": "Senegal",
        "capital": "Dakar",
        "continent": "Africa"
    },
    {
        "country": "Seychelles",
        "capital": "Victoria",
        "continent": "Africa"
    },
    {
        "country": "Sierra Leone",
        "capital": "Freetown",
        "continent": "Africa"
    },
    {
        "country": "Singapore",
        "capital": "Singapore",
        "continent": "Asia"
    },
    {
        "country": "Slovakia",
        "capital": "Bratislava",
        "continent": "Europe"
    },
    {
        "country": "Slovenia",
        "capital": "Ljubljana",
        "continent": "Europe"
    },
    {
        "country": "Solomon Islands",
        "capital": "Honiara",
        "continent": "Oceania"
    },
    {
        "country": "Somalia",
        "capital": "Mogadishu",
        "continent": "Africa"
    },
    {
        "country": "South Africa",
        "capital": "Pretoria",
        "continent": "Africa"
    },
    {
        "country": "South Georgia and the South Sandwich Islands",
        "capital": "Grytviken",
        "continent": "Antarctica"
    },
    {
        "country": "South Korea",
        "capital": "Seoul",
        "continent": "Asia"
    },
    {
        "country": "Spain",
        "capital": "Madrid",
        "continent": "Europe"
    },
    {
        "country": "Sri Lanka",
        "capital": "Sri Jayawardenapura Kotte",
        "continent": "Asia"
    },
    {
        "country": "Sudan",
        "capital": "Khartoum",
        "continent": "Africa"
    },
    {
        "country": "Suriname",
        "capital": "Paramaribo",
        "continent": "South America"
    },
    {
        "country": "Swaziland",
        "capital": "Mbabane",
        "continent": "Africa"
    },
    {
        "country": "Sweden",
        "capital": "Stockholm",
        "continent": "Europe"
    },
    {
        "country": "Switzerland",
        "capital": "Bern",
        "continent": "Europe"
    },
    {
        "country": "Syria",
        "capital": "Damascus",
        "continent": "Asia"
    },
    {
        "country": "Tajikistan",
        "capital": "Dushanbe",
        "continent": "Asia"
    },
    {
        "country": "Tanzania",
        "capital": "Dodoma",
        "continent": "Africa"
    },
    {
        "country": "Thailand",
        "capital": "Bangkok",
        "continent": "Asia"
    },
    {
        "country": "Togo",
        "capital": "Lome",
        "continent": "Africa"
    },
    {
        "country": "Trinidad and Tobago",
        "capital": "Port of Spain",
        "continent": "North America"
    },
    {
        "country": "Tunisia",
        "capital": "Tunis",
        "continent": "Africa"
    },
    {
        "country": "Turkey",
        "capital": "Ankara",
        "continent": "Asia"
    },
    {
        "country": "Turkmenistan",
        "capital": "Ashgabat",
        "continent": "Asia"
    },
    {
        "country": "Turks and Caicos Islands",
        "capital": "Cockburn Town",
        "continent": "North America"
    },
    {
        "country": "Tuvalu",
        "capital": "Funafuti",
        "continent": "Oceania"
    },
    {
        "country": "Uganda",
        "capital": "Kampala",
        "continent": "Africa"
    },
    {
        "country": "Ukraine",
        "capital": "Kiev",
        "continent": "Europe"
    },
    {
        "country": "United Arab Emirates",
        "capital": "Abu Dhabi",
        "continent": "Asia"
    },
    {
        "country": "United States",
        "capital": "Washington",
        "continent": "North America"
    },
    {
        "country": "United States Virgin Islands",
        "capital": "Charlotte Amalie",
        "continent": "North America"
    },
    {
        "country": "Uruguay",
        "capital": "Montevideo",
        "continent": "South America"
    },
    {
        "country": "Uzbekistan",
        "capital": "Tashkent",
        "continent": "Asia"
    },
    {
        "country": "Vanuatu",
        "capital": "Port Vila",
        "continent": "Oceania"
    },
    {
        "country": "Venezuela",
        "capital": "Caracas",
        "continent": "South America"
    },
    {
        "country": "Vietnam",
        "capital": "Hanoi",
        "continent": "Asia"
    },
    {
        "country": "Wallis and Futuna",
        "capital": "Mata-Utu",
        "continent": "Oceania"
    },
    {
        "country": "Western Sahara",
        "capital": "El Aaiun",
        "continent": "Africa"
    },
    {
        "country": "Yemen",
        "capital": "Sanaa",
        "continent": "Asia"
    },
    {
        "country": "Zambia",
        "capital": "Lusaka",
        "continent": "Africa"
    },
    {
        "country": "Zimbabwe",
        "capital": "Harare",
        "continent": "Africa"
    }
]